{
  "ag": "Kanton Aargau",
  "ai": "Kanton Appenzell Innerrhoden",
  "ar": "Kanton Appenzell Ausserrhoden",
  "be": "Kanton Bern",
  "bl": "Kanton Basel Land",
  "bs": "Kanton Basel Stadt",
  "fr": "Kanton Fribourg",
  "ge": "Kanton Genf",
  "gl": "Kanton Glarus",
  "gr": "Kanton Graubünden",
  "ju": "Kanton Jura",
  "lu": "Kanton Luzern",
  "ne": "Kanton Neuenburg",
  "nw": "Kanton Nidwalden",
  "ow": "Kanton Obwalden",
  "sg": "Kanton St.Gallen",
  "sh": "Kanton Schaffhausen",
  "so": "Kanton Solothurn",
  "sz": "Kanton Schwyz",
  "tg": "Kanton Thurgau",
  "ti": "Kanton Tessin",
  "ur": "Kanton Uri",
  "vd": "Kanton Waadt",
  "vs": "Kanton Wallis",
  "zg": "Kanton Zug",
  "zh": "Kanton Zürich"
}